playerRanking,gamesPlayed,gamesStarted,wins,losses,minutesPlayed,doubleDoubles,tripleDoubles,player.code,player.name,player.age,player.imageUrl,player.team.code,player.team.tvCodes,player.team.name,player.team.imageUrl
1,144.0,26.0,42.0,102.0,13.479398148148148,0.0,0.0,007025,"MATTISSECK, JONAS",24,https://media-cdn.incrowdsports.com/f233c467-32fb-41af-807b-07660af5fa2c.png,BER,BER,ALBA Berlin,https://media-cdn.incrowdsports.com/ccc34858-22b0-47dc-904c-9940b0a16ff3.png
2,154.0,35.0,114.0,40.0,9.431385281385282,0.0,0.0,004941,"ANTONOV, SEMEN",32,https://media-cdn.incrowdsports.com/5fd80688-4e9c-434c-b051-1471ccdcb625.png,CSK,CSK,CSKA Moscow,https://media-cdn.incrowdsports.com/b6a59212-7feb-4f8c-86c2-5e8f07625e3e.png
3,164.0,22.0,92.0,72.0,8.821747967479675,0.0,0.0,003521,"BALBAY, DOGUS",33,https://media-cdn.incrowdsports.com/0a0748cc-b881-47d6-a8ff-19a51b692cb0.png,IST,EFS,Anadolu Efes Istanbul,https://media-cdn.incrowdsports.com/8ea8cec7-d8f7-45f4-a956-d976b5867610.png
4,224.0,121.0,92.0,132.0,17.80892857142857,0.0,0.0,LUO,"LAZIC, BRANKO",35,https://media-cdn.incrowdsports.com/6dcc04d5-821e-4113-a665-029a43d76425.png,RED,CZV,Crvena Zvezda Meridianbet Belgrade,https://media-cdn.incrowdsports.com/d2eef4a8-62df-4fdd-9076-276004268515.png
5,195.0,36.0,113.0,82.0,11.303675213675215,0.0,0.0,002969,"MAHMUTOGLU, MELIH",34,https://media-cdn.incrowdsports.com/a148a3b5-02f1-4122-90ba-04714df78433.png,ULK,FNB,Fenerbahce Beko Istanbul,https://media-cdn.incrowdsports.com/0233ebbb-f3a2-49ea-837c-7fd3e661e672.png
6,157.0,53.0,83.0,74.0,10.05488322717622,0.0,0.0,005145,"COHEN, JAKE",34,https://media-cdn.incrowdsports.com/e8d3f0dc-cce9-4329-9d5b-03c76519199d.png,TEL,MTA,Maccabi Playtika Tel Aviv,https://media-cdn.incrowdsports.com/5c55ef14-29df-4328-bd52-a7a64c432350.png
7,141.0,21.0,37.0,104.0,13.411111111111111,0.0,0.0,006251,"SCHNEIDER, TIM",27,https://media-cdn.incrowdsports.com/3c4d48d7-a0e1-4375-9246-2d9fc7bf969a.png,BER,BER,ALBA Berlin,https://media-cdn.incrowdsports.com/ccc34858-22b0-47dc-904c-9940b0a16ff3.png
8,129.0,34.0,36.0,93.0,13.845219638242893,0.0,0.0,008211,"DELOW, MALTE",23,https://media-cdn.incrowdsports.com/4402c134-97e3-485e-ac5d-ea9bdb7bba28.png,BER,BER,ALBA Berlin,https://media-cdn.incrowdsports.com/ccc34858-22b0-47dc-904c-9940b0a16ff3.png
9,172.0,36.0,87.0,85.0,10.390600775193798,2.0,0.0,003540,"DIOP, ILIMANE",25,https://media-cdn.incrowdsports.com/06ba4860-2029-41d9-af38-d7c646068cfc.png,BAS,TDS,Baskonia Vitoria-Gasteiz,https://media-cdn.incrowdsports.com/e324a6af-2a72-443e-9813-8bf2d364ddab.png
10,202.0,106.0,133.0,69.0,16.755940594059403,0.0,0.0,006546,"TAYLOR, JEFFERY",32,https://media-cdn.incrowdsports.com/10410890-e74a-4866-9d92-997cd1821ed9.png,MAD,RMB,Real Madrid,https://media-cdn.incrowdsports.com/1a3e1404-4f6f-4ede-9d8b-30eee7cb51b4.png
11,125.0,49.0,47.0,78.0,16.58053333333333,0.0,0.0,BFX,"MONIA, SERGEY",37,https://media-cdn.incrowdsports.com/d3e66f80-1885-4da3-bf68-0282f1611f82.png,KHI,KHI,BC Khimki,https://media-cdn.incrowdsports.com/04bd9ac1-e8ed-4b35-8878-272596e5c7d6.png
12,209.0,26.0,101.0,108.0,13.698405103668263,0.0,0.0,007990,"DIBARTOLOMEO, JOHN",33,https://media-cdn.incrowdsports.com/d849757d-0a4d-47b8-82aa-ddca5eb1f7bc.png,TEL,MTA,Maccabi Playtika Tel Aviv,https://media-cdn.incrowdsports.com/5c55ef14-29df-4328-bd52-a7a64c432350.png
13,151.0,63.0,50.0,101.0,19.09514348785872,0.0,0.0,KIR,"KAHUDI, CHARLES",38,https://media-cdn.incrowdsports.com/09c42084-be1d-4b65-b880-9544effea93a.png,ASV,ASV,LDLC ASVEL Villeurbanne,https://media-cdn.incrowdsports.com/e33c6d1a-95ca-4dbc-b8cb-0201812104cc.png
14,179.0,115.0,78.0,101.0,15.605307262569832,0.0,0.0,LEM,"RADOSEVIC, LEON",31,https://media-cdn.incrowdsports.com/f2672ef8-4d0b-4018-b5a3-3ef671903ef7.png,BAM;MUN,BRO;BAY,Bamberger Basketball GmbH;FC Bayern Munich,https://media-cdn.incrowdsports.com/85cdd43a-2bbd-4f73-b8f7-76288a5193cb.png;https://media-cdn.incrowdsports.com/817b0e58-d595-4b09-ab0b-1e7cc26249ff.png
15,152.0,76.0,72.0,80.0,18.95701754385965,0.0,0.0,004761,"MARINKOVIC, VANJA",27,https://media-cdn.incrowdsports.com/fd848082-f689-47f0-a578-a53d63a6fd1b.png,PAM;BAS;PAR,VBC;BKN;PAR,Valencia Basket;Baskonia Vitoria-Gasteiz;Partizan Mozzart Bet Belgrade,https://media-cdn.incrowdsports.com/efd12730-f2ea-4830-9caa-7f2f676079c2.png;https://media-cdn.incrowdsports.com/e324a6af-2a72-443e-9813-8bf2d364ddab.png;https://media-cdn.incrowdsports.com/2681304e-77dd-4331-88b1-683078c0fb49.png
16,183.0,88.0,125.0,58.0,13.705009107468126,0.0,0.0,002968,"SANLI, SERTAC",33,https://media-cdn.incrowdsports.com/253a34da-7f58-4354-a9a5-cc06507200c6.png,IST;BAR;ULK,EFS;BAR;FBB,Anadolu Efes Istanbul;FC Barcelona;Fenerbahce Beko Istanbul,https://media-cdn.incrowdsports.com/8ea8cec7-d8f7-45f4-a956-d976b5867610.png;https://media-cdn.incrowdsports.com/35dfa503-e417-481f-963a-bdf6f013763e.png;https://media-cdn.incrowdsports.com/0233ebbb-f3a2-49ea-837c-7fd3e661e672.png
17,160.0,105.0,70.0,90.0,21.556979166666668,0.0,0.0,005014,"JENKINS, CHARLES",31,https://media-cdn.incrowdsports.com/8c066c12-d0a2-4efd-b648-66abbf812216.png,MIL;KHI;RED;OLY,EA7;KHI;CZV;OLY,EA7 Emporio Armani Milan;BC Khimki;Crvena Zvezda Meridianbet Belgrade;Olympiacos Piraeus,https://media-cdn.incrowdsports.com/8154f184-c61a-4e7f-b14d-9d802e35cb95.png;https://media-cdn.incrowdsports.com/04bd9ac1-e8ed-4b35-8878-272596e5c7d6.png;https://media-cdn.incrowdsports.com/d2eef4a8-62df-4fdd-9076-276004268515.png;https://media-cdn.incrowdsports.com/789423ac-3cdf-4b89-b11c-b458aa5f59a6.png
18,184.0,53.0,86.0,98.0,21.371376811594203,0.0,0.0,KPD,"MILAKNIS, ARTURAS",35,https://media-cdn.incrowdsports.com/b2c240e5-4df1-4ddc-8314-94c8429f1e40.png,ZAL,ZAL,Zalgiris Kaunas,https://media-cdn.incrowdsports.com/0aa09358-3847-4c4e-b228-3582ee4e536d.png
19,146.0,33.0,50.0,96.0,17.18093607305936,0.0,0.0,001557,"GIFFEY, NIELS",33,https://media-cdn.incrowdsports.com/17f631c2-05c2-452f-9a39-3cb9533a0537.png,BER;ZAL;MUN,BER;ZAL;BAY,ALBA Berlin;Zalgiris Kaunas;FC Bayern Munich,https://media-cdn.incrowdsports.com/ccc34858-22b0-47dc-904c-9940b0a16ff3.png;https://media-cdn.incrowdsports.com/0aa09358-3847-4c4e-b228-3582ee4e536d.png;https://media-cdn.incrowdsports.com/817b0e58-d595-4b09-ab0b-1e7cc26249ff.png
20,152.0,80.0,81.0,71.0,17.31918859649123,1.0,0.0,002543,"WESTERMANN, LEO",29,https://media-cdn.incrowdsports.com/d16e0a60-9556-4a0b-baaa-53b11e2315a4.png,LMG;CSK;ZAL;BAR;ULK;MCO,LIM;CSK;ZAL;FCB;FNB;ASM,Limoges Cercle Saint-Pierre;CSKA Moscow;Zalgiris Kaunas;FC Barcelona;Fenerbahce Beko Istanbul;AS Monaco,https://media-cdn.incrowdsports.com/bb6b25c9-7720-4603-96c8-f5f6205e8a19.png;https://media-cdn.incrowdsports.com/b6a59212-7feb-4f8c-86c2-5e8f07625e3e.png;https://media-cdn.incrowdsports.com/0aa09358-3847-4c4e-b228-3582ee4e536d.png;https://media-cdn.incrowdsports.com/35dfa503-e417-481f-963a-bdf6f013763e.png;https://media-cdn.incrowdsports.com/0233ebbb-f3a2-49ea-837c-7fd3e661e672.png;https://media-cdn.incrowdsports.com/89ed276a-2ba3-413f-8ea2-b3be209ca129.png
21,194.0,54.0,83.0,111.0,16.983333333333334,0.0,0.0,004007,"DOBRIC, OGNJEN",30,https://media-cdn.incrowdsports.com/a22ad126-7b94-446e-87f2-6ec6b8709388.png,VIR;RED,VIR;CZV,Virtus Segafredo Bologna;Crvena Zvezda Meridianbet Belgrade,https://media-cdn.incrowdsports.com/4af5e83b-f2b5-4fba-a87c-1f85837a508a.png;https://media-cdn.incrowdsports.com/d2eef4a8-62df-4fdd-9076-276004268515.png
22,151.0,74.0,112.0,39.0,17.637417218543046,0.0,0.0,LHI,"VORONTSEVICH, ANDREY",34,https://media-cdn.incrowdsports.com/a09676f1-c672-4835-92fd-da0b236af387.png,CSK;UNK,CSK;UNK,CSKA Moscow;UNICS Kazan,https://media-cdn.incrowdsports.com/b6a59212-7feb-4f8c-86c2-5e8f07625e3e.png;https://media-cdn.incrowdsports.com/70b00b96-e98a-42ba-9997-39d70a895157.png
23,183.0,66.0,118.0,65.0,17.5040072859745,0.0,0.0,003478,"ABRINES, ALEX",31,https://media-cdn.incrowdsports.com/47795ee0-c812-487a-be8a-67900a5ab8d5.png,BAR,FCB,FC Barcelona,https://media-cdn.incrowdsports.com/35dfa503-e417-481f-963a-bdf6f013763e.png
24,199.0,115.0,125.0,74.0,17.030904522613067,1.0,0.0,005938,"ANDERSON, JAMES",32,https://media-cdn.incrowdsports.com/30d59b37-be28-4696-9dbe-6f5fa7273fc1.png,DAR;KHI;IST,DDI;KHI;EFS,Darussafaka Basketbol;BC Khimki;Anadolu Efes Istanbul,https://media-cdn.incrowdsports.com/9ceb124a-7ee1-4db5-8d8c-7d485980b989.png;https://media-cdn.incrowdsports.com/04bd9ac1-e8ed-4b35-8878-272596e5c7d6.png;https://media-cdn.incrowdsports.com/8ea8cec7-d8f7-45f4-a956-d976b5867610.png
25,164.0,22.0,75.0,89.0,15.5755081300813,0.0,0.0,006599,"MOTUM, BROCK",31,https://media-cdn.incrowdsports.com/9d5dd223-7b8b-4b5e-9a22-20852f26b78f.png,ZAL;IST;PAM;MCO,ZAL;EFS;VBC;ASM,Zalgiris Kaunas;Anadolu Efes Istanbul;Valencia Basket;AS Monaco,https://media-cdn.incrowdsports.com/0aa09358-3847-4c4e-b228-3582ee4e536d.png;https://media-cdn.incrowdsports.com/8ea8cec7-d8f7-45f4-a956-d976b5867610.png;https://media-cdn.incrowdsports.com/efd12730-f2ea-4830-9caa-7f2f676079c2.png;https://media-cdn.incrowdsports.com/89ed276a-2ba3-413f-8ea2-b3be209ca129.png
26,184.0,85.0,114.0,70.0,17.86322463768116,0.0,0.0,003733,"ABALDE, ALBERTO",29,https://media-cdn.incrowdsports.com/192d6d61-9180-4b9a-91c0-eff940b1f27e.png,PAM;MAD,VBC;RMB,Valencia Basket;Real Madrid,https://media-cdn.incrowdsports.com/efd12730-f2ea-4830-9caa-7f2f676079c2.png;https://media-cdn.incrowdsports.com/1a3e1404-4f6f-4ede-9d8b-30eee7cb51b4.png
27,152.0,37.0,79.0,73.0,22.88201754385965,0.0,0.0,002429,"RIVERS, KC",34,https://media-cdn.incrowdsports.com/3605f61f-bb51-48b0-806a-a50629802f2b.png,MAD;PAN;ZAL;DYR;MUN,RMB;PAO;ZAL;ZEN;BAY,Real Madrid;Panathinaikos AKTOR Athens;Zalgiris Kaunas;Zenit St Petersburg;FC Bayern Munich,https://media-cdn.incrowdsports.com/1a3e1404-4f6f-4ede-9d8b-30eee7cb51b4.png;https://media-cdn.incrowdsports.com/e3dff28a-9ec6-4faf-9d96-ecbc68f75780.png;https://media-cdn.incrowdsports.com/0aa09358-3847-4c4e-b228-3582ee4e536d.png;https://media-cdn.incrowdsports.com/4c571fd6-52f1-428c-94a5-9143fbbb4fe3.png;https://media-cdn.incrowdsports.com/817b0e58-d595-4b09-ab0b-1e7cc26249ff.png
28,183.0,35.0,119.0,64.0,15.959927140255008,0.0,0.0,001960,"CARROLL, JAYCEE",37,https://media-cdn.incrowdsports.com/4a5fe03a-15f0-460a-b65f-ffeebb39e5a1.png,MAD,RMB,Real Madrid,https://media-cdn.incrowdsports.com/1a3e1404-4f6f-4ede-9d8b-30eee7cb51b4.png
29,279.0,19.0,127.0,152.0,15.927299880525686,1.0,0.0,003210,"LEKAVICIUS, LUKAS",30,https://media-cdn.incrowdsports.com/e03b2138-ce9d-477b-9745-555d0ff9adb0.png,PAN;ZAL,PAO;ZAL,Panathinaikos AKTOR Athens;Zalgiris Kaunas,https://media-cdn.incrowdsports.com/e3dff28a-9ec6-4faf-9d96-ecbc68f75780.png;https://media-cdn.incrowdsports.com/0aa09358-3847-4c4e-b228-3582ee4e536d.png
30,195.0,82.0,113.0,82.0,17.496666666666666,2.0,0.0,007109,"SMITS, ROLANDS",29,https://media-cdn.incrowdsports.com/861b638a-0350-4068-a843-18d57635236a.png,BAR;ZAL;IST,FCB;ZAL;EFS,FC Barcelona;Zalgiris Kaunas;Anadolu Efes Istanbul,https://media-cdn.incrowdsports.com/35dfa503-e417-481f-963a-bdf6f013763e.png;https://media-cdn.incrowdsports.com/0aa09358-3847-4c4e-b228-3582ee4e536d.png;https://media-cdn.incrowdsports.com/8ea8cec7-d8f7-45f4-a956-d976b5867610.png
31,182.0,22.0,104.0,78.0,16.23846153846154,0.0,0.0,007519,"JOKUBAITIS, ROKAS",24,https://media-cdn.incrowdsports.com/14dcf6c1-2b5d-40fe-98d5-d6a38a8b9ba2.png,ZAL;BAR;TEL,ZAL;BAR;MTA,Zalgiris Kaunas;FC Barcelona;Maccabi Playtika Tel Aviv,https://media-cdn.incrowdsports.com/0aa09358-3847-4c4e-b228-3582ee4e536d.png;https://media-cdn.incrowdsports.com/35dfa503-e417-481f-963a-bdf6f013763e.png;https://media-cdn.incrowdsports.com/5c55ef14-29df-4328-bd52-a7a64c432350.png
32,156.0,113.0,79.0,77.0,15.76912393162393,2.0,0.0,008004,"TARCZEWSKI, KALEB",28,https://media-cdn.incrowdsports.com/f276b900-872b-408d-9474-becf63a21411.png,MIL,AXM,EA7 Emporio Armani Milan,https://media-cdn.incrowdsports.com/8154f184-c61a-4e7f-b14d-9d802e35cb95.png
33,225.0,196.0,164.0,61.0,19.553037037037036,1.0,0.0,JLX,"KURBANOV, NIKITA",35,https://media-cdn.incrowdsports.com/cf7bb2be-da56-4f87-ac38-d91749bb9e17.png,CSK,CSK,CSKA Moscow,https://media-cdn.incrowdsports.com/b6a59212-7feb-4f8c-86c2-5e8f07625e3e.png
34,280.0,163.0,180.0,100.0,18.06142857142857,0.0,0.0,001392,"CAUSEUR, FABIEN",37,https://media-cdn.incrowdsports.com/c02a4dc6-4b7f-4b9e-89ae-10a8ed78fd34.png,BAS;BAM;MAD;MIL,LBO;BRO;RMB;EA7,Baskonia Vitoria-Gasteiz;Bamberger Basketball GmbH;Real Madrid;EA7 Emporio Armani Milan,https://media-cdn.incrowdsports.com/e324a6af-2a72-443e-9813-8bf2d364ddab.png;https://media-cdn.incrowdsports.com/85cdd43a-2bbd-4f73-b8f7-76288a5193cb.png;https://media-cdn.incrowdsports.com/1a3e1404-4f6f-4ede-9d8b-30eee7cb51b4.png;https://media-cdn.incrowdsports.com/8154f184-c61a-4e7f-b14d-9d802e35cb95.png
35,134.0,65.0,89.0,45.0,20.237562189054728,0.0,0.0,007982,"WILLIAMS-GOSS, NIGEL",30,https://media-cdn.incrowdsports.com/cbd6634e-86be-46e4-8eef-b00c58be9e52.png,MAD;OLY,RMB;OLY,Real Madrid;Olympiacos Piraeus,https://media-cdn.incrowdsports.com/1a3e1404-4f6f-4ede-9d8b-30eee7cb51b4.png;https://media-cdn.incrowdsports.com/789423ac-3cdf-4b89-b11c-b458aa5f59a6.png
36,265.0,154.0,137.0,128.0,22.326603773584907,0.0,0.0,005161,"PAPAPETROU, IOANNIS",30,https://media-cdn.incrowdsports.com/34435fbb-b543-4cdd-84f6-62cf44448c88.png,OLY;PAR;PAN,OLY;PAR;PAO,Olympiacos Piraeus;Partizan Mozzart Bet Belgrade;Panathinaikos AKTOR Athens,https://media-cdn.incrowdsports.com/789423ac-3cdf-4b89-b11c-b458aa5f59a6.png;https://media-cdn.incrowdsports.com/2681304e-77dd-4331-88b1-683078c0fb49.png;https://media-cdn.incrowdsports.com/e3dff28a-9ec6-4faf-9d96-ecbc68f75780.png
37,153.0,46.0,61.0,92.0,18.61437908496732,0.0,0.0,007960,"DAVIDOVAC, DEJAN",29,https://media-cdn.incrowdsports.com/7c9b47c4-d0ca-4827-bb68-3ad4f5d4e2c3.png,RED,CZV,Crvena Zvezda Meridianbet Belgrade,https://media-cdn.incrowdsports.com/d2eef4a8-62df-4fdd-9076-276004268515.png
38,200.0,117.0,104.0,96.0,19.751833333333334,5.0,0.0,000556,"CLAVER, VICTOR",35,https://media-cdn.incrowdsports.com/980e6d85-289c-47ce-b2b8-e9f25a8ec017.png,TIV;BAR;PAM,LOK;FCB;VBC,Lokomotiv Kuban;FC Barcelona;Valencia Basket,https://media-cdn.incrowdsports.com/21be1b6a-84bd-4e95-b685-f5d5e60e4a86.png;https://media-cdn.incrowdsports.com/35dfa503-e417-481f-963a-bdf6f013763e.png;https://media-cdn.incrowdsports.com/efd12730-f2ea-4830-9caa-7f2f676079c2.png
39,148.0,97.0,52.0,96.0,22.015653153153153,0.0,0.0,003526,"LIGHTY, DAVID",36,https://media-cdn.incrowdsports.com/a326204a-16c3-4f08-b1b4-4369f192a50f.png,ASV,ASV,LDLC ASVEL Villeurbanne,https://media-cdn.incrowdsports.com/e33c6d1a-95ca-4dbc-b8cb-0201812104cc.png
40,170.0,136.0,80.0,90.0,14.693333333333333,4.0,0.0,003479,"KUZMIC, OGNJEN",33,https://media-cdn.incrowdsports.com/5b845a58-65c2-419e-922a-32dc3870e9ab.png,PAN;MAD;RED,PAO;RMB;CZV,Panathinaikos AKTOR Athens;Real Madrid;Crvena Zvezda Meridianbet Belgrade,https://media-cdn.incrowdsports.com/e3dff28a-9ec6-4faf-9d96-ecbc68f75780.png;https://media-cdn.incrowdsports.com/1a3e1404-4f6f-4ede-9d8b-30eee7cb51b4.png;https://media-cdn.incrowdsports.com/d2eef4a8-62df-4fdd-9076-276004268515.png
41,239.0,30.0,165.0,74.0,19.14302649930265,0.0,0.0,BMT,"FERNANDEZ, RUDY",38,https://media-cdn.incrowdsports.com/81ff9d74-1784-441e-addd-b9198bfdab15.png,MAD,RMB,Real Madrid,https://media-cdn.incrowdsports.com/1a3e1404-4f6f-4ede-9d8b-30eee7cb51b4.png
42,159.0,35.0,110.0,49.0,18.690880503144655,0.0,0.0,005789,"KURIC, KYLE",33,https://media-cdn.incrowdsports.com/4cc9aa79-3820-497d-9595-c13f47f2bc55.png,BAR,FCB,FC Barcelona,https://media-cdn.incrowdsports.com/35dfa503-e417-481f-963a-bdf6f013763e.png
43,134.0,32.0,55.0,79.0,19.572014925373136,0.0,0.0,004178,"KOPONEN, PETTERI",31,https://media-cdn.incrowdsports.com/5c9a31dd-c891-4ca0-89fa-8769213a08f6.png,KHI;BAR;MUN,KHI;FCB;BAY,BC Khimki;FC Barcelona;FC Bayern Munich,https://media-cdn.incrowdsports.com/04bd9ac1-e8ed-4b35-8878-272596e5c7d6.png;https://media-cdn.incrowdsports.com/35dfa503-e417-481f-963a-bdf6f013763e.png;https://media-cdn.incrowdsports.com/817b0e58-d595-4b09-ab0b-1e7cc26249ff.png
44,237.0,111.0,92.0,145.0,19.60872011251758,0.0,0.0,007032,"LO, MAODO",32,https://media-cdn.incrowdsports.com/9f7f2587-caaf-41fd-a2a2-3294355b7907.png,BAM;MUN;BER;MIL;PRS,BRO;BAY;BER;EA7;PBB,Bamberger Basketball GmbH;FC Bayern Munich;ALBA Berlin;EA7 Emporio Armani Milan;Paris Basketball,https://media-cdn.incrowdsports.com/85cdd43a-2bbd-4f73-b8f7-76288a5193cb.png;https://media-cdn.incrowdsports.com/817b0e58-d595-4b09-ab0b-1e7cc26249ff.png;https://media-cdn.incrowdsports.com/ccc34858-22b0-47dc-904c-9940b0a16ff3.png;https://media-cdn.incrowdsports.com/8154f184-c61a-4e7f-b14d-9d802e35cb95.png;https://media-cdn.incrowdsports.com/a033e5b3-0de7-48a3-98d9-d9a4b9df1f39.png
45,170.0,49.0,90.0,80.0,19.95186274509804,0.0,0.0,000046,"STRELNIEKS, JANIS",32,https://media-cdn.incrowdsports.com/c7e70554-2bee-4d2d-ace6-15e5f07dd0c9.png,BAM;OLY;CSK;ZAL,BRO;OLY;CSK;ZAL,Bamberger Basketball GmbH;Olympiacos Piraeus;CSKA Moscow;Zalgiris Kaunas,https://media-cdn.incrowdsports.com/85cdd43a-2bbd-4f73-b8f7-76288a5193cb.png;https://media-cdn.incrowdsports.com/789423ac-3cdf-4b89-b11c-b458aa5f59a6.png;https://media-cdn.incrowdsports.com/b6a59212-7feb-4f8c-86c2-5e8f07625e3e.png;https://media-cdn.incrowdsports.com/0aa09358-3847-4c4e-b228-3582ee4e536d.png
46,184.0,122.0,91.0,93.0,22.770652173913046,4.0,0.0,002980,"GIST, JAMES",35,https://media-cdn.incrowdsports.com/8ac701ad-576d-4103-af5a-12824a52ecf8.png,PAN;RED;MUN;ASV,PAO;CZV;BAY;ASV,Panathinaikos AKTOR Athens;Crvena Zvezda Meridianbet Belgrade;FC Bayern Munich;LDLC ASVEL Villeurbanne,https://media-cdn.incrowdsports.com/e3dff28a-9ec6-4faf-9d96-ecbc68f75780.png;https://media-cdn.incrowdsports.com/d2eef4a8-62df-4fdd-9076-276004268515.png;https://media-cdn.incrowdsports.com/817b0e58-d595-4b09-ab0b-1e7cc26249ff.png;https://media-cdn.incrowdsports.com/e33c6d1a-95ca-4dbc-b8cb-0201812104cc.png
47,182.0,81.0,98.0,84.0,20.445146520146523,0.0,0.0,007947,"VILDOZA, LUCA",29,https://media-cdn.incrowdsports.com/dad5b538-3cf2-44ca-992a-b79ed24f4918.png,BAS;RED;PAN;OLY,TDS;CZV;PAO;OLY,Baskonia Vitoria-Gasteiz;Crvena Zvezda Meridianbet Belgrade;Panathinaikos AKTOR Athens;Olympiacos Piraeus,https://media-cdn.incrowdsports.com/e324a6af-2a72-443e-9813-8bf2d364ddab.png;https://media-cdn.incrowdsports.com/d2eef4a8-62df-4fdd-9076-276004268515.png;https://media-cdn.incrowdsports.com/e3dff28a-9ec6-4faf-9d96-ecbc68f75780.png;https://media-cdn.incrowdsports.com/789423ac-3cdf-4b89-b11c-b458aa5f59a6.png
48,165.0,68.0,90.0,75.0,19.934646464646466,0.0,0.0,009849,"DORSEY, TYLER",28,https://media-cdn.incrowdsports.com/153a0612-03d6-48a2-9d15-8d46677d32ba.png,TEL;ULK;OLY,MTA;FBB;OLY,Maccabi Playtika Tel Aviv;Fenerbahce Beko Istanbul;Olympiacos Piraeus,https://media-cdn.incrowdsports.com/5c55ef14-29df-4328-bd52-a7a64c432350.png;https://media-cdn.incrowdsports.com/0233ebbb-f3a2-49ea-837c-7fd3e661e672.png;https://media-cdn.incrowdsports.com/789423ac-3cdf-4b89-b11c-b458aa5f59a6.png
49,180.0,60.0,109.0,71.0,16.484166666666667,3.0,0.0,009035,"BOLOMBOY, JOEL",30,https://media-cdn.incrowdsports.com/3a4cfafe-0f2b-451f-964c-cacb9f51bc2b.png,CSK;OLY;RED,CSK;OLY;CZV,CSKA Moscow;Olympiacos Piraeus;Crvena Zvezda Meridianbet Belgrade,https://media-cdn.incrowdsports.com/b6a59212-7feb-4f8c-86c2-5e8f07625e3e.png;https://media-cdn.incrowdsports.com/789423ac-3cdf-4b89-b11c-b458aa5f59a6.png;https://media-cdn.incrowdsports.com/d2eef4a8-62df-4fdd-9076-276004268515.png
50,228.0,110.0,149.0,79.0,21.092397660818712,0.0,0.0,CCD,"DATOME, LUIGI",35,https://media-cdn.incrowdsports.com/f8f16c97-c272-49fb-9c73-5688cd7bb6f3.png,ULK;MIL,FNB;EA7,Fenerbahce Beko Istanbul;EA7 Emporio Armani Milan,https://media-cdn.incrowdsports.com/0233ebbb-f3a2-49ea-837c-7fd3e661e672.png;https://media-cdn.incrowdsports.com/8154f184-c61a-4e7f-b14d-9d802e35cb95.png
51,191.0,76.0,88.0,103.0,20.979755671902268,1.0,0.0,005094,"THOMAS, DESHAUN",32,https://media-cdn.incrowdsports.com/7be97a88-2526-40f9-838e-454c048cd74c.png,IST;TEL;PAN;MUN;MIL;ASV,EFS;MTA;PAO;BAY;EA7;ASV,Anadolu Efes Istanbul;Maccabi Playtika Tel Aviv;Panathinaikos AKTOR Athens;FC Bayern Munich;EA7 Emporio Armani Milan;LDLC ASVEL Villeurbanne,https://media-cdn.incrowdsports.com/8ea8cec7-d8f7-45f4-a956-d976b5867610.png;https://media-cdn.incrowdsports.com/5c55ef14-29df-4328-bd52-a7a64c432350.png;https://media-cdn.incrowdsports.com/e3dff28a-9ec6-4faf-9d96-ecbc68f75780.png;https://media-cdn.incrowdsports.com/817b0e58-d595-4b09-ab0b-1e7cc26249ff.png;https://media-cdn.incrowdsports.com/8154f184-c61a-4e7f-b14d-9d802e35cb95.png;https://media-cdn.incrowdsports.com/e33c6d1a-95ca-4dbc-b8cb-0201812104cc.png
52,248.0,92.0,170.0,78.0,20.602150537634408,6.0,0.0,TGB,"LLULL, SERGIO",37,https://media-cdn.incrowdsports.com/c0c0c586-9005-47a5-970d-86b57458701d.png,MAD,RMB,Real Madrid,https://media-cdn.incrowdsports.com/1a3e1404-4f6f-4ede-9d8b-30eee7cb51b4.png
53,145.0,76.0,69.0,76.0,24.413103448275862,2.0,0.0,010391,"WEILER-BABB, NICK",29,https://media-cdn.incrowdsports.com/75f0d7e3-ca21-49db-8c77-f6e5ac98c2b5.png,MUN,BAY,FC Bayern Munich,https://media-cdn.incrowdsports.com/817b0e58-d595-4b09-ab0b-1e7cc26249ff.png
54,205.0,84.0,140.0,65.0,18.795609756097562,2.0,0.0,008829,"PETERS, ALEC",29,https://media-cdn.incrowdsports.com/415ba270-d601-4231-b0c8-e5a66d318117.png,CSK;IST;BAS;OLY,CSK;EFS;TDS;OLY,CSKA Moscow;Anadolu Efes Istanbul;Baskonia Vitoria-Gasteiz;Olympiacos Piraeus,https://media-cdn.incrowdsports.com/b6a59212-7feb-4f8c-86c2-5e8f07625e3e.png;https://media-cdn.incrowdsports.com/8ea8cec7-d8f7-45f4-a956-d976b5867610.png;https://media-cdn.incrowdsports.com/e324a6af-2a72-443e-9813-8bf2d364ddab.png;https://media-cdn.incrowdsports.com/789423ac-3cdf-4b89-b11c-b458aa5f59a6.png
55,166.0,47.0,73.0,93.0,18.77359437751004,6.0,0.0,002084,"POLONARA, ACHILLE",33,https://media-cdn.incrowdsports.com/1cbaecd9-0811-4c56-b6db-96ca70ea1141.png,BAS;ULK;IST;ZAL;VIR,TDS;FBB;EFS;ZAL;VIR,Baskonia Vitoria-Gasteiz;Fenerbahce Beko Istanbul;Anadolu Efes Istanbul;Zalgiris Kaunas;Virtus Segafredo Bologna,https://media-cdn.incrowdsports.com/e324a6af-2a72-443e-9813-8bf2d364ddab.png;https://media-cdn.incrowdsports.com/0233ebbb-f3a2-49ea-837c-7fd3e661e672.png;https://media-cdn.incrowdsports.com/8ea8cec7-d8f7-45f4-a956-d976b5867610.png;https://media-cdn.incrowdsports.com/0aa09358-3847-4c4e-b228-3582ee4e536d.png;https://media-cdn.incrowdsports.com/4af5e83b-f2b5-4fba-a87c-1f85837a508a.png
56,156.0,79.0,101.0,55.0,19.046688034188033,2.0,0.0,001324,"MUHAMMED, ALI",38,https://media-cdn.incrowdsports.com/93cf69a1-3126-488e-9d3d-7b8118a9b6ae.png,ULK,FNB,Fenerbahce Beko Istanbul,https://media-cdn.incrowdsports.com/0233ebbb-f3a2-49ea-837c-7fd3e661e672.png
57,266.0,179.0,157.0,109.0,21.063972431077694,2.0,0.0,005099,"HANGA, ADAM",34,https://media-cdn.incrowdsports.com/f9dd2a24-1b86-4538-aca2-c93136cf6f50.png,BAS;BAR;MAD;RED,LBO;FCB;RMB;CZV,Baskonia Vitoria-Gasteiz;FC Barcelona;Real Madrid;Crvena Zvezda Meridianbet Belgrade,https://media-cdn.incrowdsports.com/e324a6af-2a72-443e-9813-8bf2d364ddab.png;https://media-cdn.incrowdsports.com/35dfa503-e417-481f-963a-bdf6f013763e.png;https://media-cdn.incrowdsports.com/1a3e1404-4f6f-4ede-9d8b-30eee7cb51b4.png;https://media-cdn.incrowdsports.com/d2eef4a8-62df-4fdd-9076-276004268515.png
58,166.0,41.0,110.0,56.0,18.070281124497992,1.0,0.0,005836,"THOMPKINS, TREY",33,https://media-cdn.incrowdsports.com/1068c6e6-fae9-4844-a650-4c60e9f46a84.png,MAD;RED,RMB;CZV,Real Madrid;Crvena Zvezda Meridianbet Belgrade,https://media-cdn.incrowdsports.com/1a3e1404-4f6f-4ede-9d8b-30eee7cb51b4.png;https://media-cdn.incrowdsports.com/d2eef4a8-62df-4fdd-9076-276004268515.png
59,166.0,22.0,102.0,64.0,18.349698795180725,0.0,0.0,007853,"MCKISSIC, SHAQUIELLE",34,https://media-cdn.incrowdsports.com/0c13355b-b760-4c81-87d1-0c612cf8aa8a.png,OLY,OLY,Olympiacos Piraeus,https://media-cdn.incrowdsports.com/789423ac-3cdf-4b89-b11c-b458aa5f59a6.png
60,251.0,141.0,140.0,111.0,20.783598937583,1.0,0.0,001844,"HACKETT, DANIEL",37,https://media-cdn.incrowdsports.com/f5d3ffc5-6ed4-43a7-9c66-674c0ac86187.png,OLY;BAM;CSK;VIR,OLY;BRO;CSK;VIR,Olympiacos Piraeus;Bamberger Basketball GmbH;CSKA Moscow;Virtus Segafredo Bologna,https://media-cdn.incrowdsports.com/789423ac-3cdf-4b89-b11c-b458aa5f59a6.png;https://media-cdn.incrowdsports.com/85cdd43a-2bbd-4f73-b8f7-76288a5193cb.png;https://media-cdn.incrowdsports.com/b6a59212-7feb-4f8c-86c2-5e8f07625e3e.png;https://media-cdn.incrowdsports.com/4af5e83b-f2b5-4fba-a87c-1f85837a508a.png
61,163.0,81.0,88.0,75.0,18.61492842535787,10.0,0.0,007866,"MITOGLOU, KONSTANTINOS",28,https://media-cdn.incrowdsports.com/5c5b1aaf-6cd7-4d7c-bc81-5a2ca5391123.png,MIL;PAN,AXM;PAO,EA7 Emporio Armani Milan;Panathinaikos AKTOR Athens,https://media-cdn.incrowdsports.com/8154f184-c61a-4e7f-b14d-9d802e35cb95.png;https://media-cdn.incrowdsports.com/e3dff28a-9ec6-4faf-9d96-ecbc68f75780.png
62,160.0,74.0,74.0,86.0,17.357187500000002,2.0,0.0,002553,"MITROVIC, LUKA",31,https://media-cdn.incrowdsports.com/a68d0c8a-9eb6-4474-962c-16864ab255db.png,BAM;RED,BRO;CZV,Bamberger Basketball GmbH;Crvena Zvezda Meridianbet Belgrade,https://media-cdn.incrowdsports.com/85cdd43a-2bbd-4f73-b8f7-76288a5193cb.png;https://media-cdn.incrowdsports.com/d2eef4a8-62df-4fdd-9076-276004268515.png
63,274.0,235.0,165.0,109.0,23.340328467153284,2.0,0.0,001255,"PAPANIKOLAOU, KOSTAS",34,https://media-cdn.incrowdsports.com/4077edcc-1632-460c-8bef-384c3c2a06d8.png,OLY,OLY,Olympiacos Piraeus,https://media-cdn.incrowdsports.com/789423ac-3cdf-4b89-b11c-b458aa5f59a6.png
64,305.0,215.0,192.0,113.0,24.199562841530057,2.0,0.0,004866,"KALINIC, NIKOLA",33,https://media-cdn.incrowdsports.com/3aba038c-6bc8-48fa-b79b-77c42bb3f341.png,ULK;PAM;BAR;RED,FNB;VBC;BAR;CZV,Fenerbahce Beko Istanbul;Valencia Basket;FC Barcelona;Crvena Zvezda Meridianbet Belgrade,https://media-cdn.incrowdsports.com/0233ebbb-f3a2-49ea-837c-7fd3e661e672.png;https://media-cdn.incrowdsports.com/efd12730-f2ea-4830-9caa-7f2f676079c2.png;https://media-cdn.incrowdsports.com/35dfa503-e417-481f-963a-bdf6f013763e.png;https://media-cdn.incrowdsports.com/d2eef4a8-62df-4fdd-9076-276004268515.png
65,135.0,86.0,62.0,73.0,21.71395061728395,2.0,0.0,004863,"JOVIC, STEFAN",33,https://media-cdn.incrowdsports.com/c4ac0a9d-d109-4e57-8835-43c67f1f2e62.png,RED;MUN;KHI;PAN;PAM,CZV;BAY;KHI;PAO;VBC,Crvena Zvezda Meridianbet Belgrade;FC Bayern Munich;BC Khimki;Panathinaikos AKTOR Athens;Valencia Basket,https://media-cdn.incrowdsports.com/d2eef4a8-62df-4fdd-9076-276004268515.png;https://media-cdn.incrowdsports.com/817b0e58-d595-4b09-ab0b-1e7cc26249ff.png;https://media-cdn.incrowdsports.com/04bd9ac1-e8ed-4b35-8878-272596e5c7d6.png;https://media-cdn.incrowdsports.com/e3dff28a-9ec6-4faf-9d96-ecbc68f75780.png;https://media-cdn.incrowdsports.com/efd12730-f2ea-4830-9caa-7f2f676079c2.png
66,124.0,79.0,58.0,66.0,20.63991935483871,0.0,0.0,006555,"WOLTERS, NATE",31,https://media-cdn.incrowdsports.com/3c526125-4fa4-4d9f-8977-0d2272657592.png,ZAL;TEL;RED;PAN,ZAL;MTA;CZV;PAO,Zalgiris Kaunas;Maccabi Playtika Tel Aviv;Crvena Zvezda Meridianbet Belgrade;Panathinaikos AKTOR Athens,https://media-cdn.incrowdsports.com/0aa09358-3847-4c4e-b228-3582ee4e536d.png;https://media-cdn.incrowdsports.com/5c55ef14-29df-4328-bd52-a7a64c432350.png;https://media-cdn.incrowdsports.com/d2eef4a8-62df-4fdd-9076-276004268515.png;https://media-cdn.incrowdsports.com/e3dff28a-9ec6-4faf-9d96-ecbc68f75780.png
67,185.0,106.0,120.0,65.0,19.345855855855856,3.0,0.0,006435,"LAPROVITTOLA, NICOLAS",34,https://media-cdn.incrowdsports.com/4d4c3cab-382d-4c79-a6dd-8994acdd821e.png,BAS;MAD;BAR,BKN;RMB;BAR,Baskonia Vitoria-Gasteiz;Real Madrid;FC Barcelona,https://media-cdn.incrowdsports.com/e324a6af-2a72-443e-9813-8bf2d364ddab.png;https://media-cdn.incrowdsports.com/1a3e1404-4f6f-4ede-9d8b-30eee7cb51b4.png;https://media-cdn.incrowdsports.com/35dfa503-e417-481f-963a-bdf6f013763e.png
68,174.0,99.0,92.0,82.0,21.73802681992337,3.0,0.0,009846,"BRYANT, ELIJAH",29,https://media-cdn.incrowdsports.com/884c7881-bc0b-4b2c-b95f-3f1abf3a8fa7.png,TEL;IST,MTA;EFS,Maccabi Playtika Tel Aviv;Anadolu Efes Istanbul,https://media-cdn.incrowdsports.com/5c55ef14-29df-4328-bd52-a7a64c432350.png;https://media-cdn.incrowdsports.com/8ea8cec7-d8f7-45f4-a956-d976b5867610.png
69,288.0,154.0,166.0,122.0,21.845023148148147,0.0,0.0,006590,"BEAUBOIS, RODRIGUE",36,https://media-cdn.incrowdsports.com/d9946f3a-20ae-414f-a62f-0d85dbb5bb07.png,STR;BAS;IST,SIG;BKN;EFS,Strasbourg Illkirch-Graffenstaden Basket;Baskonia Vitoria-Gasteiz;Anadolu Efes Istanbul,https://media-cdn.incrowdsports.com/554f980e-fded-4943-ab5b-541f1f36f6a9.png;https://media-cdn.incrowdsports.com/e324a6af-2a72-443e-9813-8bf2d364ddab.png;https://media-cdn.incrowdsports.com/8ea8cec7-d8f7-45f4-a956-d976b5867610.png
70,158.0,112.0,81.0,77.0,23.64493670886076,5.0,0.0,JUO,"SPANOULIS, VASSILIS",42,https://media-cdn.incrowdsports.com/c32b334a-d142-423f-93f6-e6f1df328d52.png,OLY;MCO,OLY;ASM,Olympiacos Piraeus;AS Monaco,https://media-cdn.incrowdsports.com/789423ac-3cdf-4b89-b11c-b458aa5f59a6.png;https://media-cdn.incrowdsports.com/89ed276a-2ba3-413f-8ea2-b3be209ca129.png
71,266.0,92.0,161.0,105.0,20.650689223057643,0.0,0.0,004004,"GUDURIC, MARKO",29,https://media-cdn.incrowdsports.com/b3bbf0b0-eb5a-4986-8231-a1433ff07508.png,RED;ULK,CZV;FNB,Crvena Zvezda Meridianbet Belgrade;Fenerbahce Beko Istanbul,https://media-cdn.incrowdsports.com/d2eef4a8-62df-4fdd-9076-276004268515.png;https://media-cdn.incrowdsports.com/0233ebbb-f3a2-49ea-837c-7fd3e661e672.png
72,147.0,83.0,70.0,77.0,19.631292517006806,4.0,0.0,007230,"SEDEKERSKIS, TADAS",26,https://media-cdn.incrowdsports.com/a033b3ef-7790-421f-82fa-6aa8192098d4.png,BAS,TDS,Baskonia Vitoria-Gasteiz,https://media-cdn.incrowdsports.com/e324a6af-2a72-443e-9813-8bf2d364ddab.png
73,159.0,38.0,66.0,93.0,17.134067085953877,3.0,0.0,004119,"TYUS, ALEX",34,https://media-cdn.incrowdsports.com/3bbdc2a0-64b7-425f-a940-af651d08f39f.png,IST;GAL;TEL;MAD;ASV,EFS;GSO;MTA;RMB;ASV,Anadolu Efes Istanbul;Galatasaray Spor Kulubu;Maccabi Playtika Tel Aviv;Real Madrid;LDLC ASVEL Villeurbanne,https://media-cdn.incrowdsports.com/8ea8cec7-d8f7-45f4-a956-d976b5867610.png;https://media-cdn.incrowdsports.com/d8c1e9ac-0812-4dd7-bdc1-7c482cfb85d4.png;https://media-cdn.incrowdsports.com/5c55ef14-29df-4328-bd52-a7a64c432350.png;https://media-cdn.incrowdsports.com/1a3e1404-4f6f-4ede-9d8b-30eee7cb51b4.png;https://media-cdn.incrowdsports.com/e33c6d1a-95ca-4dbc-b8cb-0201812104cc.png
74,251.0,165.0,157.0,94.0,23.711752988047806,5.0,0.0,006614,"SINGLETON, CHRIS",33,https://media-cdn.incrowdsports.com/02dfdeac-8cf8-4698-b707-419a7a4c66b4.png,TIV;PAN;BAR;IST,LOK;PAO;FCB;EFS,Lokomotiv Kuban;Panathinaikos AKTOR Athens;FC Barcelona;Anadolu Efes Istanbul,https://media-cdn.incrowdsports.com/21be1b6a-84bd-4e95-b685-f5d5e60e4a86.png;https://media-cdn.incrowdsports.com/e3dff28a-9ec6-4faf-9d96-ecbc68f75780.png;https://media-cdn.incrowdsports.com/35dfa503-e417-481f-963a-bdf6f013763e.png;https://media-cdn.incrowdsports.com/8ea8cec7-d8f7-45f4-a956-d976b5867610.png
75,164.0,91.0,60.0,104.0,15.086585365853658,12.0,0.0,006568,"FALL, YOUSSOUPHA",29,https://media-cdn.incrowdsports.com/f3205fbf-bef5-4b8a-9ea3-402b4a378331.png,BAS;ASV;BAR,TDS;ASV;BAR,Baskonia Vitoria-Gasteiz;LDLC ASVEL Villeurbanne;FC Barcelona,https://media-cdn.incrowdsports.com/e324a6af-2a72-443e-9813-8bf2d364ddab.png;https://media-cdn.incrowdsports.com/e33c6d1a-95ca-4dbc-b8cb-0201812104cc.png;https://media-cdn.incrowdsports.com/35dfa503-e417-481f-963a-bdf6f013763e.png
76,234.0,210.0,134.0,100.0,23.30491452991453,3.0,0.0,008855,"WALKUP, THOMAS",32,https://media-cdn.incrowdsports.com/fdef274c-1494-4249-bbf0-304fe8bb7f65.png,ZAL;OLY,ZAL;OLY,Zalgiris Kaunas;Olympiacos Piraeus,https://media-cdn.incrowdsports.com/0aa09358-3847-4c4e-b228-3582ee4e536d.png;https://media-cdn.incrowdsports.com/789423ac-3cdf-4b89-b11c-b458aa5f59a6.png
77,209.0,132.0,124.0,85.0,22.46060606060606,7.0,0.0,001833,"MOERMAN, ADRIEN",34,https://media-cdn.incrowdsports.com/f3077405-e32f-4acd-8a10-fdea2de62cee.png,DAR;BAR;IST;MCO,DDI;FCB;EFS;ASM,Darussafaka Basketbol;FC Barcelona;Anadolu Efes Istanbul;AS Monaco,https://media-cdn.incrowdsports.com/9ceb124a-7ee1-4db5-8d8c-7d485980b989.png;https://media-cdn.incrowdsports.com/35dfa503-e417-481f-963a-bdf6f013763e.png;https://media-cdn.incrowdsports.com/8ea8cec7-d8f7-45f4-a956-d976b5867610.png;https://media-cdn.incrowdsports.com/89ed276a-2ba3-413f-8ea2-b3be209ca129.png
78,302.0,256.0,137.0,165.0,25.667825607064017,1.0,0.0,002329,"ULANOVAS, EDGARAS",32,https://media-cdn.incrowdsports.com/474ff5fa-5ca2-47af-b70e-ac3960884a01.png,ULK;ZAL,FNB;ZAL,Fenerbahce Beko Istanbul;Zalgiris Kaunas,https://media-cdn.incrowdsports.com/0233ebbb-f3a2-49ea-837c-7fd3e661e672.png;https://media-cdn.incrowdsports.com/0aa09358-3847-4c4e-b228-3582ee4e536d.png
79,303.0,147.0,198.0,105.0,21.121287128712872,7.0,0.0,002812,"HINES, KYLE",37,https://media-cdn.incrowdsports.com/24f75c32-e4db-499d-b2e6-d46f52986033.png,CSK;MIL,CSK;EA7,CSKA Moscow;EA7 Emporio Armani Milan,https://media-cdn.incrowdsports.com/b6a59212-7feb-4f8c-86c2-5e8f07625e3e.png;https://media-cdn.incrowdsports.com/8154f184-c61a-4e7f-b14d-9d802e35cb95.png
80,242.0,134.0,136.0,106.0,16.584366391184574,8.0,0.0,LHK,"PLEISS, TIBOR",34,https://media-cdn.incrowdsports.com/e66eca1f-54a1-4947-a0ef-2013de919d10.png,GAL;PAM;IST,GSO;VBC;EFS,Galatasaray Spor Kulubu;Valencia Basket;Anadolu Efes Istanbul,https://media-cdn.incrowdsports.com/d8c1e9ac-0812-4dd7-bdc1-7c482cfb85d4.png;https://media-cdn.incrowdsports.com/efd12730-f2ea-4830-9caa-7f2f676079c2.png;https://media-cdn.incrowdsports.com/8ea8cec7-d8f7-45f4-a956-d976b5867610.png
81,131.0,78.0,75.0,56.0,22.826590330788804,1.0,0.0,010560,"PIERRE, DYSHAWN",31,https://media-cdn.incrowdsports.com/7f04a6d9-d458-47c5-a453-b089904b8992.png,ULK,FNB,Fenerbahce Beko Istanbul,https://media-cdn.incrowdsports.com/0233ebbb-f3a2-49ea-837c-7fd3e661e672.png
82,159.0,117.0,74.0,85.0,23.511425576519915,1.0,0.0,003024,"GRANGER, JAYSON",32,https://media-cdn.incrowdsports.com/bfa1e332-4bf3-4410-a53c-8f91f276fc3e.png,IST;BER;BAS,EFS;BER;KBA,Anadolu Efes Istanbul;ALBA Berlin;Baskonia Vitoria-Gasteiz,https://media-cdn.incrowdsports.com/8ea8cec7-d8f7-45f4-a956-d976b5867610.png;https://media-cdn.incrowdsports.com/ccc34858-22b0-47dc-904c-9940b0a16ff3.png;https://media-cdn.incrowdsports.com/e324a6af-2a72-443e-9813-8bf2d364ddab.png
83,183.0,86.0,103.0,80.0,23.0724043715847,0.0,0.0,007400,"NUNNALLY, JAMES",33,https://media-cdn.incrowdsports.com/e0743b50-f31d-4f3a-95a9-2c96603f4c5e.png,MIL;ULK;TEL;PAR,AXM;FNB;MTA;PAR,EA7 Emporio Armani Milan;Fenerbahce Beko Istanbul;Maccabi Playtika Tel Aviv;Partizan Mozzart Bet Belgrade,https://media-cdn.incrowdsports.com/8154f184-c61a-4e7f-b14d-9d802e35cb95.png;https://media-cdn.incrowdsports.com/0233ebbb-f3a2-49ea-837c-7fd3e661e672.png;https://media-cdn.incrowdsports.com/5c55ef14-29df-4328-bd52-a7a64c432350.png;https://media-cdn.incrowdsports.com/2681304e-77dd-4331-88b1-683078c0fb49.png
84,269.0,73.0,176.0,93.0,20.704832713754648,8.0,0.0,CVM,"RODRIGUEZ, SERGIO",37,https://media-cdn.incrowdsports.com/d605b7e7-d619-4620-93b1-5979b22592bc.png,CSK;MIL;MAD,CSK;AXM;RMB,CSKA Moscow;EA7 Emporio Armani Milan;Real Madrid,https://media-cdn.incrowdsports.com/b6a59212-7feb-4f8c-86c2-5e8f07625e3e.png;https://media-cdn.incrowdsports.com/8154f184-c61a-4e7f-b14d-9d802e35cb95.png;https://media-cdn.incrowdsports.com/1a3e1404-4f6f-4ede-9d8b-30eee7cb51b4.png
85,175.0,105.0,116.0,59.0,21.99647619047619,3.0,0.0,009005,"DECK, GABRIEL",29,https://media-cdn.incrowdsports.com/67bcca4b-c111-46c5-ab33-5776f7866d53.png,MAD,RMB,Real Madrid,https://media-cdn.incrowdsports.com/1a3e1404-4f6f-4ede-9d8b-30eee7cb51b4.png
86,211.0,112.0,96.0,115.0,19.352053712480252,14.0,0.0,005844,"PAPAGIANNIS, GEORGIOS",27,https://media-cdn.incrowdsports.com/cb807059-ac98-4f20-b7c5-88d7d6862d06.png,PAN;ULK;MCO,PAO;FBB;ASM,Panathinaikos AKTOR Athens;Fenerbahce Beko Istanbul;AS Monaco,https://media-cdn.incrowdsports.com/e3dff28a-9ec6-4faf-9d96-ecbc68f75780.png;https://media-cdn.incrowdsports.com/0233ebbb-f3a2-49ea-837c-7fd3e661e672.png;https://media-cdn.incrowdsports.com/89ed276a-2ba3-413f-8ea2-b3be209ca129.png
87,184.0,120.0,82.0,102.0,19.002989130434784,6.0,0.0,BWI,"JANKUNAS, PAULIUS",37,https://media-cdn.incrowdsports.com/77ba65dc-10e2-4a22-be86-6bb4bd407d08.png,ZAL,ZAL,Zalgiris Kaunas,https://media-cdn.incrowdsports.com/0aa09358-3847-4c4e-b228-3582ee4e536d.png
88,269.0,149.0,144.0,125.0,21.21641883519207,16.0,0.0,007201,"VOIGTMANN, JOHANNES",32,https://media-cdn.incrowdsports.com/9b05546b-aec0-4af0-b213-2f9db3d250fc.png,BAS;CSK;MIL;MUN,KBA;CSK;EA7;BAY,Baskonia Vitoria-Gasteiz;CSKA Moscow;EA7 Emporio Armani Milan;FC Bayern Munich,https://media-cdn.incrowdsports.com/e324a6af-2a72-443e-9813-8bf2d364ddab.png;https://media-cdn.incrowdsports.com/b6a59212-7feb-4f8c-86c2-5e8f07625e3e.png;https://media-cdn.incrowdsports.com/8154f184-c61a-4e7f-b14d-9d802e35cb95.png;https://media-cdn.incrowdsports.com/817b0e58-d595-4b09-ab0b-1e7cc26249ff.png
89,236.0,71.0,144.0,92.0,19.65550847457627,10.0,0.0,005160,"HUNTER, OTHELLO",36,https://media-cdn.incrowdsports.com/8768431f-f09d-41f8-8ce3-7a2744883c98.png,OLY;MAD;CSK;TEL;MUN,OLY;RMB;CSK;MTA;BAY,Olympiacos Piraeus;Real Madrid;CSKA Moscow;Maccabi Playtika Tel Aviv;FC Bayern Munich,https://media-cdn.incrowdsports.com/789423ac-3cdf-4b89-b11c-b458aa5f59a6.png;https://media-cdn.incrowdsports.com/1a3e1404-4f6f-4ede-9d8b-30eee7cb51b4.png;https://media-cdn.incrowdsports.com/b6a59212-7feb-4f8c-86c2-5e8f07625e3e.png;https://media-cdn.incrowdsports.com/5c55ef14-29df-4328-bd52-a7a64c432350.png;https://media-cdn.incrowdsports.com/817b0e58-d595-4b09-ab0b-1e7cc26249ff.png
90,144.0,129.0,65.0,79.0,26.892592592592592,0.0,0.0,000529,"MICOV, VLADIMIR",35,https://media-cdn.incrowdsports.com/14753a8e-0ec2-40ab-a26b-50434381d400.png,GAL;MIL,GSO;AXM,Galatasaray Spor Kulubu;EA7 Emporio Armani Milan,https://media-cdn.incrowdsports.com/d8c1e9ac-0812-4dd7-bdc1-7c482cfb85d4.png;https://media-cdn.incrowdsports.com/8154f184-c61a-4e7f-b14d-9d802e35cb95.png
91,127.0,49.0,40.0,87.0,19.4249343832021,3.0,0.0,003958,"THIEMANN, JOHANNES",29,https://media-cdn.incrowdsports.com/8d67d189-5722-4ac9-918c-70c114ff40d9.png,BAM;BER,BRO;BER,Bamberger Basketball GmbH;ALBA Berlin,https://media-cdn.incrowdsports.com/85cdd43a-2bbd-4f73-b8f7-76288a5193cb.png;https://media-cdn.incrowdsports.com/ccc34858-22b0-47dc-904c-9940b0a16ff3.png
92,183.0,114.0,103.0,80.0,25.315118397085612,1.0,0.0,CPR,"SIMON, KRUNOSLAV",36,https://media-cdn.incrowdsports.com/f075df2b-2237-4157-a9ce-dc9c4233d293.png,MIL;IST,EA7;EFS,EA7 Emporio Armani Milan;Anadolu Efes Istanbul,https://media-cdn.incrowdsports.com/8154f184-c61a-4e7f-b14d-9d802e35cb95.png;https://media-cdn.incrowdsports.com/8ea8cec7-d8f7-45f4-a956-d976b5867610.png
93,292.0,184.0,155.0,137.0,21.74942922374429,8.0,0.0,003048,"DUNSTON, BRYANT",38,https://media-cdn.incrowdsports.com/c611afbb-f77f-4214-81fc-f08a742cd326.png,IST;VIR;ZAL,EFS;VIR;ZAL,Anadolu Efes Istanbul;Virtus Segafredo Bologna;Zalgiris Kaunas,https://media-cdn.incrowdsports.com/8ea8cec7-d8f7-45f4-a956-d976b5867610.png;https://media-cdn.incrowdsports.com/4af5e83b-f2b5-4fba-a87c-1f85837a508a.png;https://media-cdn.incrowdsports.com/0aa09358-3847-4c4e-b228-3582ee4e536d.png
94,193.0,150.0,107.0,86.0,26.677029360967186,3.0,0.0,008962,"HAYES-DAVIS, NIGEL",30,https://media-cdn.incrowdsports.com/37b00e59-560b-4b65-a269-9d2b0b8776bc.png,ZAL;BAR;ULK,ZAL;BAR;FBB,Zalgiris Kaunas;FC Barcelona;Fenerbahce Beko Istanbul,https://media-cdn.incrowdsports.com/0aa09358-3847-4c4e-b228-3582ee4e536d.png;https://media-cdn.incrowdsports.com/35dfa503-e417-481f-963a-bdf6f013763e.png;https://media-cdn.incrowdsports.com/0233ebbb-f3a2-49ea-837c-7fd3e661e672.png
95,132.0,77.0,62.0,70.0,19.71881313131313,5.0,0.0,004194,"LAUVERGNE, JOFFREY",33,https://media-cdn.incrowdsports.com/2c5d0d04-968c-4590-9924-d0e7a7b23110.png,ULK;ZAL;ASV,FNB;ZAL;ASV,Fenerbahce Beko Istanbul;Zalgiris Kaunas;LDLC ASVEL Villeurbanne,https://media-cdn.incrowdsports.com/0233ebbb-f3a2-49ea-837c-7fd3e661e672.png;https://media-cdn.incrowdsports.com/0aa09358-3847-4c4e-b228-3582ee4e536d.png;https://media-cdn.incrowdsports.com/e33c6d1a-95ca-4dbc-b8cb-0201812104cc.png
96,163.0,111.0,69.0,94.0,18.316768916155418,9.0,0.0,004554,"ZIZIC, ANTE",27,https://media-cdn.incrowdsports.com/ba96c7c1-38ad-4579-ae05-f40d7530399d.png,DAR;TEL;IST;VIR,DDI;MTA;EFS;VIR,Darussafaka Basketbol;Maccabi Playtika Tel Aviv;Anadolu Efes Istanbul;Virtus Segafredo Bologna,https://media-cdn.incrowdsports.com/9ceb124a-7ee1-4db5-8d8c-7d485980b989.png;https://media-cdn.incrowdsports.com/5c55ef14-29df-4328-bd52-a7a64c432350.png;https://media-cdn.incrowdsports.com/8ea8cec7-d8f7-45f4-a956-d976b5867610.png;https://media-cdn.incrowdsports.com/4af5e83b-f2b5-4fba-a87c-1f85837a508a.png
97,155.0,126.0,70.0,85.0,25.83838709677419,0.0,0.0,005856,"THOMAS, WILL",35,https://media-cdn.incrowdsports.com/6c821d3c-09c7-4ef4-bc07-6573f1c22c74.png,MAL;PAM;DYR;MCO,UNI;VBC;ZEN;ASM,Unicaja Malaga;Valencia Basket;Zenit St Petersburg;AS Monaco,https://media-cdn.incrowdsports.com/6342214b-684b-421f-8960-5d20354458da.png;https://media-cdn.incrowdsports.com/efd12730-f2ea-4830-9caa-7f2f676079c2.png;https://media-cdn.incrowdsports.com/4c571fd6-52f1-428c-94a5-9143fbbb4fe3.png;https://media-cdn.incrowdsports.com/89ed276a-2ba3-413f-8ea2-b3be209ca129.png
98,238.0,120.0,175.0,63.0,23.43249299719888,0.0,0.0,006450,"HIGGINS, CORY",33,https://media-cdn.incrowdsports.com/a1af1166-c6cd-4d7e-a98c-5048329b90df.png,CSK;BAR,CSK;FCB,CSKA Moscow;FC Barcelona,https://media-cdn.incrowdsports.com/b6a59212-7feb-4f8c-86c2-5e8f07625e3e.png;https://media-cdn.incrowdsports.com/35dfa503-e417-481f-963a-bdf6f013763e.png
99,202.0,86.0,87.0,115.0,21.46559405940594,0.0,0.0,000848,"NEDOVIC, NEMANJA",33,https://media-cdn.incrowdsports.com/8c0414fc-8bc0-49ad-b14b-31c1db32e9d0.png,MAL;MIL;PAN;RED,UNI;AXM;PAO;CZV,Unicaja Malaga;EA7 Emporio Armani Milan;Panathinaikos AKTOR Athens;Crvena Zvezda Meridianbet Belgrade,https://media-cdn.incrowdsports.com/6342214b-684b-421f-8960-5d20354458da.png;https://media-cdn.incrowdsports.com/8154f184-c61a-4e7f-b14d-9d802e35cb95.png;https://media-cdn.incrowdsports.com/e3dff28a-9ec6-4faf-9d96-ecbc68f75780.png;https://media-cdn.incrowdsports.com/d2eef4a8-62df-4fdd-9076-276004268515.png
100,160.0,104.0,75.0,85.0,25.189791666666668,1.0,0.0,009006,"WILLIAMS, DERRICK",31,https://media-cdn.incrowdsports.com/245aaf8f-09c0-4e5a-9a1b-1b010df9bc5a.png,MUN;ULK;PAM;TEL;PAN,BAY;FNB;VBC;MTA;PAO,FC Bayern Munich;Fenerbahce Beko Istanbul;Valencia Basket;Maccabi Playtika Tel Aviv;Panathinaikos AKTOR Athens,https://media-cdn.incrowdsports.com/817b0e58-d595-4b09-ab0b-1e7cc26249ff.png;https://media-cdn.incrowdsports.com/0233ebbb-f3a2-49ea-837c-7fd3e661e672.png;https://media-cdn.incrowdsports.com/efd12730-f2ea-4830-9caa-7f2f676079c2.png;https://media-cdn.incrowdsports.com/5c55ef14-29df-4328-bd52-a7a64c432350.png;https://media-cdn.incrowdsports.com/e3dff28a-9ec6-4faf-9d96-ecbc68f75780.png
101,202.0,140.0,113.0,89.0,21.500577557755776,6.0,0.0,AMM,"PRINTEZIS, GEORGIOS",36,https://media-cdn.incrowdsports.com/458c3a1b-4081-4f9e-89ae-46ff1844d461.png,OLY,OLY,Olympiacos Piraeus,https://media-cdn.incrowdsports.com/789423ac-3cdf-4b89-b11c-b458aa5f59a6.png
102,162.0,63.0,70.0,92.0,22.264197530864198,4.0,0.0,008847,"MICKEY, JORDAN",29,https://media-cdn.incrowdsports.com/175bee47-c3c4-4356-9758-3cbd94c48871.png,MAD;KHI;DYR;VIR,RMB;KHI;ZEN;VIR,Real Madrid;BC Khimki;Zenit St Petersburg;Virtus Segafredo Bologna,https://media-cdn.incrowdsports.com/1a3e1404-4f6f-4ede-9d8b-30eee7cb51b4.png;https://media-cdn.incrowdsports.com/04bd9ac1-e8ed-4b35-8878-272596e5c7d6.png;https://media-cdn.incrowdsports.com/4c571fd6-52f1-428c-94a5-9143fbbb4fe3.png;https://media-cdn.incrowdsports.com/4af5e83b-f2b5-4fba-a87c-1f85837a508a.png
103,168.0,111.0,118.0,50.0,19.80376984126984,10.0,0.0,005757,"RANDOLPH, ANTHONY",33,https://media-cdn.incrowdsports.com/d2915de8-a0c8-4ba4-a979-b9e249044f28.png,TIV;MAD,LOK;RMB,Lokomotiv Kuban;Real Madrid,https://media-cdn.incrowdsports.com/21be1b6a-84bd-4e95-b685-f5d5e60e4a86.png;https://media-cdn.incrowdsports.com/1a3e1404-4f6f-4ede-9d8b-30eee7cb51b4.png
104,175.0,135.0,77.0,98.0,25.995047619047618,1.0,0.0,006436,"GIEDRAITIS, ROKAS",32,https://media-cdn.incrowdsports.com/514eb8b6-1987-43f8-b24b-748065632795.png,BER;BAS;RED,BER;TDS;CZV,ALBA Berlin;Baskonia Vitoria-Gasteiz;Crvena Zvezda Meridianbet Belgrade,https://media-cdn.incrowdsports.com/ccc34858-22b0-47dc-904c-9940b0a16ff3.png;https://media-cdn.incrowdsports.com/e324a6af-2a72-443e-9813-8bf2d364ddab.png;https://media-cdn.incrowdsports.com/d2eef4a8-62df-4fdd-9076-276004268515.png
105,167.0,140.0,73.0,94.0,23.81636726546906,7.0,0.0,007056,"BOOKER, DEVIN",33,https://media-cdn.incrowdsports.com/603a8758-e88a-4d71-935e-c73e1201ec7c.png,KHI;ULK;MUN,KHI;FBB;BAY,BC Khimki;Fenerbahce Beko Istanbul;FC Bayern Munich,https://media-cdn.incrowdsports.com/04bd9ac1-e8ed-4b35-8878-272596e5c7d6.png;https://media-cdn.incrowdsports.com/0233ebbb-f3a2-49ea-837c-7fd3e661e672.png;https://media-cdn.incrowdsports.com/817b0e58-d595-4b09-ab0b-1e7cc26249ff.png
106,242.0,200.0,137.0,105.0,25.62913223140496,13.0,0.0,002849,"MELLI, NICOLO",33,https://media-cdn.incrowdsports.com/99de0949-0898-4903-9f69-a6ed15e45a55.png,BAM;MIL;ULK,BRO;EA7;FNB,Bamberger Basketball GmbH;EA7 Emporio Armani Milan;Fenerbahce Beko Istanbul,https://media-cdn.incrowdsports.com/85cdd43a-2bbd-4f73-b8f7-76288a5193cb.png;https://media-cdn.incrowdsports.com/8154f184-c61a-4e7f-b14d-9d802e35cb95.png;https://media-cdn.incrowdsports.com/0233ebbb-f3a2-49ea-837c-7fd3e661e672.png
107,166.0,76.0,95.0,71.0,22.59839357429719,11.0,0.0,KLT,"HEURTEL, THOMAS",32,https://media-cdn.incrowdsports.com/98840e78-b249-4deb-bd3b-ee4d9eab6e5d.png,IST;BAR;MAD,EFS;FCB;RMB,Anadolu Efes Istanbul;FC Barcelona;Real Madrid,https://media-cdn.incrowdsports.com/8ea8cec7-d8f7-45f4-a956-d976b5867610.png;https://media-cdn.incrowdsports.com/35dfa503-e417-481f-963a-bdf6f013763e.png;https://media-cdn.incrowdsports.com/1a3e1404-4f6f-4ede-9d8b-30eee7cb51b4.png
108,249.0,141.0,148.0,101.0,20.22958500669344,7.0,0.0,007870,"DAVIES, BRANDON",33,https://media-cdn.incrowdsports.com/81408ad9-aed4-4316-8d83-7f2f4eada6cf.png,ZAL;BAR;MIL;PAM;PAR,ZAL;FCB;EA7;VBC;PAR,Zalgiris Kaunas;FC Barcelona;EA7 Emporio Armani Milan;Valencia Basket;Partizan Mozzart Bet Belgrade,https://media-cdn.incrowdsports.com/0aa09358-3847-4c4e-b228-3582ee4e536d.png;https://media-cdn.incrowdsports.com/35dfa503-e417-481f-963a-bdf6f013763e.png;https://media-cdn.incrowdsports.com/8154f184-c61a-4e7f-b14d-9d802e35cb95.png;https://media-cdn.incrowdsports.com/efd12730-f2ea-4830-9caa-7f2f676079c2.png;https://media-cdn.incrowdsports.com/2681304e-77dd-4331-88b1-683078c0fb49.png
109,149.0,111.0,80.0,69.0,19.55167785234899,6.0,0.0,002507,"TOMIC, ANTE",32,https://media-cdn.incrowdsports.com/2667174b-7474-4889-8212-fc2acb612c1b.png,BAR,FCB,FC Barcelona,https://media-cdn.incrowdsports.com/35dfa503-e417-481f-963a-bdf6f013763e.png
110,242.0,186.0,128.0,114.0,25.391391184573003,1.0,0.0,006661,"WILBEKIN, SCOTTIE",31,https://media-cdn.incrowdsports.com/dfcc2d01-1bfe-465a-81dd-f51457ff4287.png,DAR;TEL;ULK,DDI;MTA;FBB,Darussafaka Basketbol;Maccabi Playtika Tel Aviv;Fenerbahce Beko Istanbul,https://media-cdn.incrowdsports.com/9ceb124a-7ee1-4db5-8d8c-7d485980b989.png;https://media-cdn.incrowdsports.com/5c55ef14-29df-4328-bd52-a7a64c432350.png;https://media-cdn.incrowdsports.com/0233ebbb-f3a2-49ea-837c-7fd3e661e672.png
111,194.0,76.0,118.0,76.0,19.171907216494844,17.0,0.0,004887,"POIRIER, VINCENT",31,https://media-cdn.incrowdsports.com/d24532c7-b1b3-42b5-b5e9-232d495fce34.png,BAS;MAD;IST,KBA;RMB;EFS,Baskonia Vitoria-Gasteiz;Real Madrid;Anadolu Efes Istanbul,https://media-cdn.incrowdsports.com/e324a6af-2a72-443e-9813-8bf2d364ddab.png;https://media-cdn.incrowdsports.com/1a3e1404-4f6f-4ede-9d8b-30eee7cb51b4.png;https://media-cdn.incrowdsports.com/8ea8cec7-d8f7-45f4-a956-d976b5867610.png
112,173.0,142.0,85.0,88.0,27.001637764932564,3.0,0.0,007831,"SHIELDS, SHAVON",30,https://media-cdn.incrowdsports.com/cc164c6b-d942-4733-a6ff-dc4544e1a6c2.png,BAS;MIL,KBA;EA7,Baskonia Vitoria-Gasteiz;EA7 Emporio Armani Milan,https://media-cdn.incrowdsports.com/e324a6af-2a72-443e-9813-8bf2d364ddab.png;https://media-cdn.incrowdsports.com/8154f184-c61a-4e7f-b14d-9d802e35cb95.png
113,146.0,58.0,68.0,78.0,19.666780821917808,10.0,0.0,003120,"GUDAITIS, ARTURAS",29,https://media-cdn.incrowdsports.com/925b2ddb-a6a2-4cd6-a35d-77086e723606.png,MIL;DYR;PAN,AXM;ZEN;PAO,EA7 Emporio Armani Milan;Zenit St Petersburg;Panathinaikos AKTOR Athens,https://media-cdn.incrowdsports.com/8154f184-c61a-4e7f-b14d-9d802e35cb95.png;https://media-cdn.incrowdsports.com/4c571fd6-52f1-428c-94a5-9143fbbb4fe3.png;https://media-cdn.incrowdsports.com/e3dff28a-9ec6-4faf-9d96-ecbc68f75780.png
114,143.0,116.0,58.0,85.0,22.17972027972028,12.0,0.0,006589,"SIKMA, LUKE",34,https://media-cdn.incrowdsports.com/ae703049-980c-4ddc-8c4f-f920ee5e7710.png,BER;OLY,BER;OLY,ALBA Berlin;Olympiacos Piraeus,https://media-cdn.incrowdsports.com/ccc34858-22b0-47dc-904c-9940b0a16ff3.png;https://media-cdn.incrowdsports.com/789423ac-3cdf-4b89-b11c-b458aa5f59a6.png
115,161.0,152.0,98.0,63.0,21.72111801242236,3.0,0.0,008811,"FALL, MOUSTAPHA",32,https://media-cdn.incrowdsports.com/691e5b14-6518-4067-8343-013b90f2fd3f.png,ASV;OLY,ASV;OLY,LDLC ASVEL Villeurbanne;Olympiacos Piraeus,https://media-cdn.incrowdsports.com/e33c6d1a-95ca-4dbc-b8cb-0201812104cc.png;https://media-cdn.incrowdsports.com/789423ac-3cdf-4b89-b11c-b458aa5f59a6.png
116,144.0,116.0,79.0,65.0,24.959953703703704,0.0,0.0,009754,"LOYD, JORDAN",31,https://media-cdn.incrowdsports.com/215f2623-efe0-44f4-b8b1-e4d466ae2d19.png,PAM;RED;DYR;TEL;MCO,VBC;CZV;ZEN;MTA;ASM,Valencia Basket;Crvena Zvezda Meridianbet Belgrade;Zenit St Petersburg;Maccabi Playtika Tel Aviv;AS Monaco,https://media-cdn.incrowdsports.com/efd12730-f2ea-4830-9caa-7f2f676079c2.png;https://media-cdn.incrowdsports.com/d2eef4a8-62df-4fdd-9076-276004268515.png;https://media-cdn.incrowdsports.com/4c571fd6-52f1-428c-94a5-9143fbbb4fe3.png;https://media-cdn.incrowdsports.com/5c55ef14-29df-4328-bd52-a7a64c432350.png;https://media-cdn.incrowdsports.com/89ed276a-2ba3-413f-8ea2-b3be209ca129.png
117,246.0,122.0,133.0,113.0,20.805420054200543,18.0,0.0,003469,"VEZENKOV, SASHA",29,https://media-cdn.incrowdsports.com/da9926d3-ef9c-4704-930c-4be3eb1fd3c0.png,BAR;OLY,FCB;OLY,FC Barcelona;Olympiacos Piraeus,https://media-cdn.incrowdsports.com/35dfa503-e417-481f-963a-bdf6f013763e.png;https://media-cdn.incrowdsports.com/789423ac-3cdf-4b89-b11c-b458aa5f59a6.png
118,301.0,290.0,175.0,126.0,27.263399778516057,45.0,1.0,001932,"CALATHES, NICK",35,https://media-cdn.incrowdsports.com/b3944598-7108-4b0a-a4e7-f8a628b8fbff.png,PAN;BAR;ULK;MCO,PAO;FCB;FBB;ASM,Panathinaikos AKTOR Athens;FC Barcelona;Fenerbahce Beko Istanbul;AS Monaco,https://media-cdn.incrowdsports.com/e3dff28a-9ec6-4faf-9d96-ecbc68f75780.png;https://media-cdn.incrowdsports.com/35dfa503-e417-481f-963a-bdf6f013763e.png;https://media-cdn.incrowdsports.com/0233ebbb-f3a2-49ea-837c-7fd3e661e672.png;https://media-cdn.incrowdsports.com/89ed276a-2ba3-413f-8ea2-b3be209ca129.png
119,179.0,143.0,99.0,80.0,26.68370577281192,5.0,0.0,009622,"BROWN, LORENZO",34,https://media-cdn.incrowdsports.com/6094f620-9518-4136-a1a1-06b77c6ee708.png,RED;ULK;UNK;TEL;PAN,CZV;FNB;UNK;MTA;PAO,Crvena Zvezda Meridianbet Belgrade;Fenerbahce Beko Istanbul;UNICS Kazan;Maccabi Playtika Tel Aviv;Panathinaikos AKTOR Athens,https://media-cdn.incrowdsports.com/d2eef4a8-62df-4fdd-9076-276004268515.png;https://media-cdn.incrowdsports.com/0233ebbb-f3a2-49ea-837c-7fd3e661e672.png;https://media-cdn.incrowdsports.com/70b00b96-e98a-42ba-9997-39d70a895157.png;https://media-cdn.incrowdsports.com/5c55ef14-29df-4328-bd52-a7a64c432350.png;https://media-cdn.incrowdsports.com/e3dff28a-9ec6-4faf-9d96-ecbc68f75780.png
120,144.0,104.0,78.0,66.0,26.001967592592592,0.0,0.0,009862,"PUNTER, KEVIN",31,https://media-cdn.incrowdsports.com/8f94477e-6387-41cd-b9b4-08d5dc2db4b8.png,OLY;RED;MIL;PAR;BAR,OLY;CZV;AXM;PAR;BAR,Olympiacos Piraeus;Crvena Zvezda Meridianbet Belgrade;EA7 Emporio Armani Milan;Partizan Mozzart Bet Belgrade;FC Barcelona,https://media-cdn.incrowdsports.com/789423ac-3cdf-4b89-b11c-b458aa5f59a6.png;https://media-cdn.incrowdsports.com/d2eef4a8-62df-4fdd-9076-276004268515.png;https://media-cdn.incrowdsports.com/8154f184-c61a-4e7f-b14d-9d802e35cb95.png;https://media-cdn.incrowdsports.com/2681304e-77dd-4331-88b1-683078c0fb49.png;https://media-cdn.incrowdsports.com/35dfa503-e417-481f-963a-bdf6f013763e.png
121,123.0,19.0,75.0,48.0,22.707723577235775,12.0,0.0,JDR,"TEODOSIC, MILOS",37,https://media-cdn.incrowdsports.com/ce7511eb-75b9-4f03-9836-56f4a52e971d.png,CSK;VIR;RED,CSK;VIR;CZV,CSKA Moscow;Virtus Segafredo Bologna;Crvena Zvezda Meridianbet Belgrade,https://media-cdn.incrowdsports.com/b6a59212-7feb-4f8c-86c2-5e8f07625e3e.png;https://media-cdn.incrowdsports.com/4af5e83b-f2b5-4fba-a87c-1f85837a508a.png;https://media-cdn.incrowdsports.com/d2eef4a8-62df-4fdd-9076-276004268515.png
122,182.0,110.0,96.0,86.0,25.60833333333333,5.0,0.0,008987,"LEDAY, ZACH",30,https://media-cdn.incrowdsports.com/9e33219b-4fb2-46c7-bc55-2a04b583348a.png,OLY;ZAL;PAR;MIL,OLY;ZAL;PAR;EA7,Olympiacos Piraeus;Zalgiris Kaunas;Partizan Mozzart Bet Belgrade;EA7 Emporio Armani Milan,https://media-cdn.incrowdsports.com/789423ac-3cdf-4b89-b11c-b458aa5f59a6.png;https://media-cdn.incrowdsports.com/0aa09358-3847-4c4e-b228-3582ee4e536d.png;https://media-cdn.incrowdsports.com/2681304e-77dd-4331-88b1-683078c0fb49.png;https://media-cdn.incrowdsports.com/8154f184-c61a-4e7f-b14d-9d802e35cb95.png
123,303.0,113.0,195.0,108.0,25.142079207920794,16.0,0.0,001926,"SLOUKAS, KOSTAS",34,https://media-cdn.incrowdsports.com/ff4f77e9-8492-462b-9661-d6ca746d51c6.png,ULK;OLY;PAN,FNB;OLY;PAO,Fenerbahce Beko Istanbul;Olympiacos Piraeus;Panathinaikos AKTOR Athens,https://media-cdn.incrowdsports.com/0233ebbb-f3a2-49ea-837c-7fd3e661e672.png;https://media-cdn.incrowdsports.com/789423ac-3cdf-4b89-b11c-b458aa5f59a6.png;https://media-cdn.incrowdsports.com/e3dff28a-9ec6-4faf-9d96-ecbc68f75780.png
124,212.0,146.0,123.0,89.0,19.61430817610063,31.0,0.0,003941,"MILUTINOV, NIKOLA",30,https://media-cdn.incrowdsports.com/bda87c73-25f0-44ae-a726-7161d6a42976.png,CSK;OLY,CSK;OLY,CSKA Moscow;Olympiacos Piraeus,https://media-cdn.incrowdsports.com/b6a59212-7feb-4f8c-86c2-5e8f07625e3e.png;https://media-cdn.incrowdsports.com/789423ac-3cdf-4b89-b11c-b458aa5f59a6.png
125,223.0,154.0,135.0,88.0,27.366816143497758,7.0,0.0,002580,"MICIC, VASILIJE",28,https://media-cdn.incrowdsports.com/b9d596b9-3fa2-417e-9bff-994043d09a28.png,MUN;RED;ZAL;IST,BAY;CZT;ZAL;EFS,FC Bayern Munich;Crvena Zvezda Meridianbet Belgrade;Zalgiris Kaunas;Anadolu Efes Istanbul,https://media-cdn.incrowdsports.com/817b0e58-d595-4b09-ab0b-1e7cc26249ff.png;https://media-cdn.incrowdsports.com/d2eef4a8-62df-4fdd-9076-276004268515.png;https://media-cdn.incrowdsports.com/0aa09358-3847-4c4e-b228-3582ee4e536d.png;https://media-cdn.incrowdsports.com/8ea8cec7-d8f7-45f4-a956-d976b5867610.png
126,170.0,148.0,88.0,82.0,25.975,5.0,0.0,009863,"BALDWIN IV, WADE",28,https://media-cdn.incrowdsports.com/2e29a079-eedd-4e4e-bb7a-b129c0c9575e.png,OLY;MUN;BAS;TEL;ULK,OLY;BAY;BKN;MTA;FBB,Olympiacos Piraeus;FC Bayern Munich;Baskonia Vitoria-Gasteiz;Maccabi Playtika Tel Aviv;Fenerbahce Beko Istanbul,https://media-cdn.incrowdsports.com/789423ac-3cdf-4b89-b11c-b458aa5f59a6.png;https://media-cdn.incrowdsports.com/817b0e58-d595-4b09-ab0b-1e7cc26249ff.png;https://media-cdn.incrowdsports.com/e324a6af-2a72-443e-9813-8bf2d364ddab.png;https://media-cdn.incrowdsports.com/5c55ef14-29df-4328-bd52-a7a64c432350.png;https://media-cdn.incrowdsports.com/0233ebbb-f3a2-49ea-837c-7fd3e661e672.png
127,237.0,190.0,121.0,116.0,25.37686357243319,13.0,0.0,001133,"SHENGELIA, TORNIKE",33,https://media-cdn.incrowdsports.com/892c9315-559b-418b-bdab-a8e0e0d66add.png,BAS;CSK;VIR,LBO;CSK;VIR,Baskonia Vitoria-Gasteiz;CSKA Moscow;Virtus Segafredo Bologna,https://media-cdn.incrowdsports.com/e324a6af-2a72-443e-9813-8bf2d364ddab.png;https://media-cdn.incrowdsports.com/b6a59212-7feb-4f8c-86c2-5e8f07625e3e.png;https://media-cdn.incrowdsports.com/4af5e83b-f2b5-4fba-a87c-1f85837a508a.png
128,287.0,208.0,181.0,106.0,24.78170731707317,18.0,0.0,000925,"VESELY, JAN",34,https://media-cdn.incrowdsports.com/4be34f64-45a0-4d95-8b9d-a9259354d99e.png,ULK;BAR,FNB;BAR,Fenerbahce Beko Istanbul;FC Barcelona,https://media-cdn.incrowdsports.com/0233ebbb-f3a2-49ea-837c-7fd3e661e672.png;https://media-cdn.incrowdsports.com/35dfa503-e417-481f-963a-bdf6f013763e.png
129,167.0,134.0,119.0,48.0,24.702994011976045,15.0,0.0,005928,"CAMPAZZO, FACUNDO",33,https://media-cdn.incrowdsports.com/3d4b3199-c570-491d-b1cf-76f82c2e229c.png,RED;MAD,CZV;RMB,Crvena Zvezda Meridianbet Belgrade;Real Madrid,https://media-cdn.incrowdsports.com/d2eef4a8-62df-4fdd-9076-276004268515.png;https://media-cdn.incrowdsports.com/1a3e1404-4f6f-4ede-9d8b-30eee7cb51b4.png
130,238.0,109.0,149.0,89.0,28.096358543417367,12.0,0.0,004888,"CLYBURN, WILL",34,https://media-cdn.incrowdsports.com/48bf0f02-5fb5-4baa-8065-f76661612dc0.png,DAR;CSK;IST;VIR,DDI;CSK;EFS;VIR,Darussafaka Basketbol;CSKA Moscow;Anadolu Efes Istanbul;Virtus Segafredo Bologna,https://media-cdn.incrowdsports.com/9ceb124a-7ee1-4db5-8d8c-7d485980b989.png;https://media-cdn.incrowdsports.com/b6a59212-7feb-4f8c-86c2-5e8f07625e3e.png;https://media-cdn.incrowdsports.com/8ea8cec7-d8f7-45f4-a956-d976b5867610.png;https://media-cdn.incrowdsports.com/4af5e83b-f2b5-4fba-a87c-1f85837a508a.png
131,153.0,104.0,81.0,72.0,24.541067538126363,14.0,0.0,003842,"LESSORT, MATHIAS",29,https://media-cdn.incrowdsports.com/b283a9ed-2227-43ef-8f8c-97fdc76e8b12.png,RED;MUN;TEL;PAR;PAN,CZV;BAY;MTA;PAR;PAO,Crvena Zvezda Meridianbet Belgrade;FC Bayern Munich;Maccabi Playtika Tel Aviv;Partizan Mozzart Bet Belgrade;Panathinaikos AKTOR Athens,https://media-cdn.incrowdsports.com/d2eef4a8-62df-4fdd-9076-276004268515.png;https://media-cdn.incrowdsports.com/817b0e58-d595-4b09-ab0b-1e7cc26249ff.png;https://media-cdn.incrowdsports.com/5c55ef14-29df-4328-bd52-a7a64c432350.png;https://media-cdn.incrowdsports.com/2681304e-77dd-4331-88b1-683078c0fb49.png;https://media-cdn.incrowdsports.com/e3dff28a-9ec6-4faf-9d96-ecbc68f75780.png
132,256.0,234.0,176.0,80.0,22.756315104166667,38.0,0.0,005791,"TAVARES, WALTER",32,https://media-cdn.incrowdsports.com/b4070997-623b-4a6e-94bc-65fd4694b0c5.png,MAD,RMB,Real Madrid,https://media-cdn.incrowdsports.com/1a3e1404-4f6f-4ede-9d8b-30eee7cb51b4.png
133,286.0,212.0,171.0,115.0,28.910897435897436,15.0,0.0,005985,"JAMES, MIKE",34,https://media-cdn.incrowdsports.com/6798f111-3618-4825-b32e-11741d4229c0.png,BAS;PAN;MIL;CSK;MCO,LBO;PAO;AXM;CSK;ASM,Baskonia Vitoria-Gasteiz;Panathinaikos AKTOR Athens;EA7 Emporio Armani Milan;CSKA Moscow;AS Monaco,https://media-cdn.incrowdsports.com/e324a6af-2a72-443e-9813-8bf2d364ddab.png;https://media-cdn.incrowdsports.com/e3dff28a-9ec6-4faf-9d96-ecbc68f75780.png;https://media-cdn.incrowdsports.com/8154f184-c61a-4e7f-b14d-9d802e35cb95.png;https://media-cdn.incrowdsports.com/b6a59212-7feb-4f8c-86c2-5e8f07625e3e.png;https://media-cdn.incrowdsports.com/89ed276a-2ba3-413f-8ea2-b3be209ca129.png
134,266.0,169.0,155.0,111.0,25.202380952380953,4.0,0.0,002100,"DE COLO, NANDO",37,https://media-cdn.incrowdsports.com/168b2cb2-e32f-47b6-8a0f-c49fd080db79.png,CSK;ULK;ASV,CSK;FNB;ASV,CSKA Moscow;Fenerbahce Beko Istanbul;LDLC ASVEL Villeurbanne,https://media-cdn.incrowdsports.com/b6a59212-7feb-4f8c-86c2-5e8f07625e3e.png;https://media-cdn.incrowdsports.com/0233ebbb-f3a2-49ea-837c-7fd3e661e672.png;https://media-cdn.incrowdsports.com/e33c6d1a-95ca-4dbc-b8cb-0201812104cc.png
135,230.0,149.0,139.0,91.0,28.637753623188406,5.0,0.0,007200,"LARKIN, SHANE",32,https://media-cdn.incrowdsports.com/29f7e3f7-2a14-4bf2-a5ab-3fb89fdfe607.png,BAS;IST,BKN;EFS,Baskonia Vitoria-Gasteiz;Anadolu Efes Istanbul,https://media-cdn.incrowdsports.com/e324a6af-2a72-443e-9813-8bf2d364ddab.png;https://media-cdn.incrowdsports.com/8ea8cec7-d8f7-45f4-a956-d976b5867610.png
136,145.0,136.0,63.0,82.0,29.93988505747127,17.0,0.0,KVZ,"SHVED, ALEXEY",33,https://media-cdn.incrowdsports.com/796ea536-8200-4083-8f74-22fefd9057c0.png,KHI;CSK,KHI;CSK,BC Khimki;CSKA Moscow,https://media-cdn.incrowdsports.com/04bd9ac1-e8ed-4b35-8878-272596e5c7d6.png;https://media-cdn.incrowdsports.com/b6a59212-7feb-4f8c-86c2-5e8f07625e3e.png
137,169.0,164.0,111.0,58.0,26.124457593688366,17.0,0.0,000796,"MIROTIC, NIKOLA",33,https://media-cdn.incrowdsports.com/a771b68b-2056-4318-83a0-24b2ffb36d11.png,BAR;MIL,FCB;EA7,FC Barcelona;EA7 Emporio Armani Milan,https://media-cdn.incrowdsports.com/35dfa503-e417-481f-963a-bdf6f013763e.png;https://media-cdn.incrowdsports.com/8154f184-c61a-4e7f-b14d-9d802e35cb95.png
